insert into LANG (langCode, langDesc) values ('it', 'Italiano');
insert into LANG (langCode, langDesc) values ('en', 'Inglese');
insert into CATEGORY_REVIEW_MAIN (id, categoryMain, langCode) values (100100, '--- MONUMENTO ---', 'it');
insert into CATEGORY_REVIEW_MAIN (id, categoryMain, langCode) values (100101, '--- MONUMENT ---', 'en');
insert into CATEGORY_REVIEW_MAIN (id, categoryMain, langCode) values (200100, '--- NATURALISTICO ---', 'it');
insert into CATEGORY_REVIEW_MAIN (id, categoryMain, langCode) values (200101, '--- NATURE ---', 'en');
insert into CATEGORY_REVIEW_MAIN (id, categoryMain, langCode) values (300100, '--- URBANO ---', 'it');
insert into CATEGORY_REVIEW_MAIN (id, categoryMain, langCode) values (300101, '--- URBAN ---', 'en');
insert into CATEGORY_REVIEW_MAIN (id, categoryMain, langCode) values (400100, '--- ARTISTICO ---', 'it');
insert into CATEGORY_REVIEW_MAIN (id, categoryMain, langCode) values (400101, '--- ART ---', 'en');
insert into CATEGORY_REVIEW_MAIN (id, categoryMain, langCode) values (500100, '--- TERME ---', 'it');
insert into CATEGORY_REVIEW_MAIN (id, categoryMain, langCode) values (500101, '--- THERMAE ---', 'en');
insert into CATEGORY_REVIEW (id, idCategoryMain, langCode, category) values (100100, 100100, 'it', 'Battistero');
insert into CATEGORY_REVIEW (id, idCategoryMain, langCode, category) values (100101, 100101, 'en', 'Baptistery');
insert into CATEGORY_REVIEW (id, idCategoryMain, langCode, category) values (101100, 100100, 'it', 'Casa/Casa Museo');
insert into CATEGORY_REVIEW (id, idCategoryMain, langCode, category) values (101101, 100101, 'en', 'House/House Museum');
insert into CATEGORY_REVIEW (id, idCategoryMain, langCode, category) values (102100, 100100, 'it', 'Castello');
insert into CATEGORY_REVIEW (id, idCategoryMain, langCode, category) values (102101, 100101, 'en', 'Castle');
insert into CATEGORY_REVIEW (id, idCategoryMain, langCode, category) values (103100, 100100, 'it', 'Cattedrale');
insert into CATEGORY_REVIEW (id, idCategoryMain, langCode, category) values (103101, 100101, 'en', 'Cathedral');
insert into CATEGORY_REVIEW (id, idCategoryMain, langCode, category) values (104100, 100100, 'it', 'Chiesa');
insert into CATEGORY_REVIEW (id, idCategoryMain, langCode, category) values (104101, 100101, 'en', 'Church');
insert into CATEGORY_REVIEW (id, idCategoryMain, langCode, category) values (105100, 100100, 'it', 'Duomo');
insert into CATEGORY_REVIEW (id, idCategoryMain, langCode, category) values (105101, 100101, 'en', 'Cathedral Dome');
insert into CATEGORY_REVIEW (id, idCategoryMain, langCode, category) values (106100, 100100, 'it', 'Moschea');
insert into CATEGORY_REVIEW (id, idCategoryMain, langCode, category) values (106101, 100101, 'en', 'Mosque');
insert into CATEGORY_REVIEW (id, idCategoryMain, langCode, category) values (107100, 100100, 'it', 'Palazzo Ducale');
insert into CATEGORY_REVIEW (id, idCategoryMain, langCode, category) values (107101, 100101, 'en', 'Ducal Palace');
insert into CATEGORY_REVIEW (id, idCategoryMain, langCode, category) values (108100, 100100, 'it', 'Palazzo Reale');
insert into CATEGORY_REVIEW (id, idCategoryMain, langCode, category) values (108101, 100101, 'en', 'Royal Palace');
insert into CATEGORY_REVIEW (id, idCategoryMain, langCode, category) values (109100, 100100, 'it', 'Santuario');
insert into CATEGORY_REVIEW (id, idCategoryMain, langCode, category) values (109101, 100101, 'en', 'Sanctum/Sanctuary');
insert into CATEGORY_REVIEW (id, idCategoryMain, langCode, category) values (110100, 100100, 'it', 'Sinagoga');
insert into CATEGORY_REVIEW (id, idCategoryMain, langCode, category) values (110101, 100101, 'en', 'Synagogue');
insert into CATEGORY_REVIEW (id, idCategoryMain, langCode, category) values (111100, 100100, 'it', 'Tempio');
insert into CATEGORY_REVIEW (id, idCategoryMain, langCode, category) values (111101, 100101, 'en', 'Temple');
insert into CATEGORY_REVIEW (id, idCategoryMain, langCode, category) values (112100, 100100, 'it', 'Torre');
insert into CATEGORY_REVIEW (id, idCategoryMain, langCode, category) values (112101, 100101, 'en', 'Tower');
insert into CATEGORY_REVIEW (id, idCategoryMain, langCode, category) values (113100, 100100, 'it', 'Villa');
insert into CATEGORY_REVIEW (id, idCategoryMain, langCode, category) values (113101, 100101, 'en', 'Villa');
insert into CATEGORY_REVIEW (id, idCategoryMain, langCode, category) values (114100, 100100, 'it', 'Abbazia');
insert into CATEGORY_REVIEW (id, idCategoryMain, langCode, category) values (114101, 100101, 'en', 'Abbey');
insert into CATEGORY_REVIEW (id, idCategoryMain, langCode, category) values (115100, 100100, 'it', 'Basilica');
insert into CATEGORY_REVIEW (id, idCategoryMain, langCode, category) values (115101, 100101, 'en', 'Basilica');
insert into CATEGORY_REVIEW (id, idCategoryMain, langCode, category) values (116100, 100100, 'it', 'Monumento');
insert into CATEGORY_REVIEW (id, idCategoryMain, langCode, category) values (116101, 100101, 'en', 'Monument');
insert into CATEGORY_REVIEW (id, idCategoryMain, langCode, category) values (117100, 100100, 'it', 'Arena');
insert into CATEGORY_REVIEW (id, idCategoryMain, langCode, category) values (117101, 100101, 'en', 'Arena');
insert into CATEGORY_REVIEW (id, idCategoryMain, langCode, category) values (118100, 100100, 'it', 'Teatro');
insert into CATEGORY_REVIEW (id, idCategoryMain, langCode, category) values (118101, 100101, 'en', 'Theater');
insert into CATEGORY_REVIEW (id, idCategoryMain, langCode, category) values (200100, 200100, 'it', 'Monte/Montagna');
insert into CATEGORY_REVIEW (id, idCategoryMain, langCode, category) values (200101, 200101, 'en', 'Mountain');
insert into CATEGORY_REVIEW (id, idCategoryMain, langCode, category) values (201100, 200100, 'it', 'Parco');
insert into CATEGORY_REVIEW (id, idCategoryMain, langCode, category) values (201101, 200101, 'en', 'Park');
insert into CATEGORY_REVIEW (id, idCategoryMain, langCode, category) values (202100, 200100, 'it', 'Spiaggia');
insert into CATEGORY_REVIEW (id, idCategoryMain, langCode, category) values (202101, 200101, 'en', 'Beach');
insert into CATEGORY_REVIEW (id, idCategoryMain, langCode, category) values (203100, 200100, 'it', 'Paesaggio/Panorama');
insert into CATEGORY_REVIEW (id, idCategoryMain, langCode, category) values (203101, 200101, 'en', 'Landscape/Panorama');
insert into CATEGORY_REVIEW (id, idCategoryMain, langCode, category) values (300100, 300100, 'it', 'Quartiere');
insert into CATEGORY_REVIEW (id, idCategoryMain, langCode, category) values (300101, 300101, 'en', 'District');
insert into CATEGORY_REVIEW (id, idCategoryMain, langCode, category) values (302100, 300100, 'it', 'Via/Viale');
insert into CATEGORY_REVIEW (id, idCategoryMain, langCode, category) values (301100, 300100, 'it', 'Piazza/Piazzale/Largo');
insert into CATEGORY_REVIEW (id, idCategoryMain, langCode, category) values (301101, 300101, 'en', 'Square/Large Square');
insert into CATEGORY_REVIEW (id, idCategoryMain, langCode, category) values (302101, 300101, 'en', 'Street/Avenue');
insert into CATEGORY_REVIEW (id, idCategoryMain, langCode, category) values (303100, 300100, 'it', 'Borgo/Paese');
insert into CATEGORY_REVIEW (id, idCategoryMain, langCode, category) values (303101, 300101, 'en', 'Village');
insert into CATEGORY_REVIEW (id, idCategoryMain, langCode, category) values (304100, 300100, 'it', 'Ponte');
insert into CATEGORY_REVIEW (id, idCategoryMain, langCode, category) values (304101, 300101, 'en', 'Bridge');
insert into CATEGORY_REVIEW (id, idCategoryMain, langCode, category) values (400100, 400100, 'it', 'Museo');
insert into CATEGORY_REVIEW (id, idCategoryMain, langCode, category) values (400101, 400101, 'en', 'Museum');
insert into CATEGORY_REVIEW (id, idCategoryMain, langCode, category) values (401100, 400100, 'it', 'Pinacoteca');
insert into CATEGORY_REVIEW (id, idCategoryMain, langCode, category) values (401101, 400101, 'en', 'Picture Gallery');
insert into CATEGORY_REVIEW (id, idCategoryMain, langCode, category) values (402100, 400100, 'it', 'Galleria d''arte');
insert into CATEGORY_REVIEW (id, idCategoryMain, langCode, category) values (402101, 400101, 'en', 'Art Gallery');
insert into CATEGORY_REVIEW (id, idCategoryMain, langCode, category) values (403100, 400100, 'it', 'Palazzo Ducale');
insert into CATEGORY_REVIEW (id, idCategoryMain, langCode, category) values (403101, 400101, 'en', 'Ducal Palace');
insert into CATEGORY_REVIEW (id, idCategoryMain, langCode, category) values (404100, 400100, 'it', 'Palazzo Reale');
insert into CATEGORY_REVIEW (id, idCategoryMain, langCode, category) values (404101, 400101, 'en', 'Royal Palace');
insert into CATEGORY_REVIEW (id, idCategoryMain, langCode, category) values (501100, 500100, 'it', 'Piscine/Bagni Termali');
insert into CATEGORY_REVIEW (id, idCategoryMain, langCode, category) values (501101, 500101, 'en', 'Thermal Pools/Baths');
insert into CATEGORY_REVIEW (id, idCategoryMain, langCode, category) values (502100, 500100, 'it', 'Terme all''aperto');
insert into CATEGORY_REVIEW (id, idCategoryMain, langCode, category) values (502101, 500101, 'en', 'Outdoor Thermal');